{
  "_fv": 24,
  "_type": "recipe",
  "definition": {
    "recipeType": "Crafting",
    "xpReward": 0.0,
    "cookingTime": 200,
    "recipeRetstackSize": 1,
    "group": "",
    "recipeShapeless": false,
    "recipeSlots": [
      {
        "value": "Items.IRON_INGOT"
      },
      {
        "value": "Blocks.GLASS_PANE"
      },
      {
        "value": "Items.IRON_INGOT"
      },
      {
        "value": "Items.REDSTONE"
      },
      {
        "value": "Items.COMPARATOR"
      },
      {
        "value": "Items.REDSTONE"
      },
      {
        "value": "Items.IRON_INGOT"
      },
      {
        "value": "Blocks.REDSTONE_TORCH"
      },
      {
        "value": "Items.IRON_INGOT"
      }
    ],
    "recipeReturnStack": {
      "value": "CUSTOM:Computer"
    },
    "name": "computer_recipe",
    "namespace": "mod"
  }
}