{
  "_fv": 24,
  "_type": "gui",
  "definition": {
    "type": 0,
    "width": 260,
    "height": 114,
    "inventoryOffsetX": 0,
    "inventoryOffsetY": 0,
    "renderBgLayer": true,
    "doesPauseGame": true,
    "components": [
      {
        "type": "label",
        "data": {
          "text": "Connection Information",
          "color": {
            "value": -16777216,
            "falpha": 0.0
          },
          "name": "Connection Information",
          "x": 158,
          "y": 68
        }
      },
      {
        "type": "textfield",
        "data": {
          "placeholder": "IP Address",
          "width": 120,
          "height": 20,
          "name": "ipAddress",
          "x": 91,
          "y": 79
        }
      },
      {
        "type": "textfield",
        "data": {
          "placeholder": "Port Number",
          "width": 120,
          "height": 20,
          "name": "portNumber",
          "x": 216,
          "y": 79
        }
      },
      {
        "type": "textfield",
        "data": {
          "placeholder": "Username",
          "width": 120,
          "height": 20,
          "name": "username",
          "x": 91,
          "y": 103
        }
      },
      {
        "type": "textfield",
        "data": {
          "placeholder": "Password",
          "width": 120,
          "height": 20,
          "name": "password",
          "x": 216,
          "y": 103
        }
      },
      {
        "type": "label",
        "data": {
          "text": "<VAR:connectionType>",
          "color": {
            "value": -1,
            "falpha": 0.0
          },
          "name": "<VAR:connectionType>",
          "x": 98,
          "y": 133
        }
      },
      {
        "type": "button",
        "data": {
          "text": "                   ",
          "onClick": {
            "name": "VMCraftGUIConnectionTypeRightClicked"
          },
          "width": 120,
          "height": 20,
          "name": "                   ",
          "x": 91,
          "y": 127
        }
      },
      {
        "type": "label",
        "data": {
          "text": "<VAR:backendServer>",
          "color": {
            "value": -1,
            "falpha": 0.0
          },
          "name": "<VAR:backendServer>",
          "x": 223,
          "y": 133
        }
      },
      {
        "type": "button",
        "data": {
          "text": "                   ",
          "onClick": {
            "name": "VMCraftGUIBackendServerRightClicked"
          },
          "width": 120,
          "height": 20,
          "name": "                   ",
          "x": 216,
          "y": 127
        }
      },
      {
        "type": "button",
        "data": {
          "text": "Connect",
          "onClick": {
            "name": "VMCraftGUIConnectRightClicked"
          },
          "width": 61,
          "height": 20,
          "name": "Connect",
          "x": 91,
          "y": 151
        }
      },
      {
        "type": "label",
        "data": {
          "text": "<VAR:guiMessage>",
          "color": {
            "value": -65536,
            "falpha": 0.0
          },
          "name": "<VAR:guiMessage>",
          "x": 156,
          "y": 157
        }
      },
      {
        "type": "button",
        "data": {
          "text": "Exit",
          "onClick": {
            "name": "VMCraftGUIExitRightClicked"
          },
          "width": 46,
          "height": 20,
          "name": "Exit",
          "x": 290,
          "y": 151
        }
      }
    ],
    "onClosed": {
      "name": "VMCraftGUIClosed"
    },
    "gridSettings": {
      "sx": 18,
      "sy": 18,
      "ox": 11,
      "oy": 15,
      "snapOnGrid": false
    }
  }
}